nt-1	bangkok
nt-4	derby county
nt-5	four
nt-6	Varbergs GIF (D3)
nt-7	lake palas tuzla
nt-10	5
nt-11	bangkok
nt-12	6
nt-13	1999-2000
nt-16	29+29 = 58
nt-17	abbott
nt-18	24
nt-19	3
nt-20	the sound of trees
nt-21	km-45 series
nt-22	toia
nt-23	united states
nt-25	three
nt-26	málaga cf
nt-27	30
nt-28	windows
nt-30	10.611
nt-31	6
nt-32	jiang qing
nt-33	lyra
nt-35	marisela moreno montero
nt-36	princeton
nt-37	5
nt-38	two
nt-39	8
nt-41	1995
nt-42	459640
nt-43	langney sports
nt-44	1991 - 1990 = 1
nt-45	Arunthathi
nt-47	frank mir
nt-48	0/630
nt-49	2
nt-50	vietnam
nt-51	5
nt-52	rc toulonnais
nt-54	no
nt-55	1987
nt-56	eddie murray
nt-57	2
nt-58	13
nt-59	surf's up
nt-60	2
nt-61	36
nt-62	vijayendra prasad
nt-63	yes
nt-65	josip skoko with 6 international caps
nt-66	the name of the game
nt-70	1
nt-71	may
nt-72	0
nt-73	27
nt-74	jim clark
nt-75	12
nt-76	20,000
nt-77	two
nt-78	1996
nt-79	6
nt-80	less
nt-81	ford
nt-82	2
nt-83	none
nt-85	george burley
nt-86	serbian progressive party
nt-88	never
nt-89	5
nt-90	stapleton
nt-91	6
nt-93	1
nt-95	5000m
nt-96	
nt-97	1220 mm
nt-98	7
nt-99	6
nt-100	9
nt-101	england
nt-102	Überlingen
nt-103	2:37.70
nt-105	29
nt-106	tom bradshaw
nt-108	13
nt-109	119
nt-110	baroque
nt-112	Abu al-Duhur Military Airbase
nt-113	dartmouth college
nt-114	Doña Ana
nt-115	iryina herashchenko
nt-117	1980
nt-118	conservatives
nt-119	2
nt-120	bahrain
nt-121	tensile modulus
nt-122	2007
nt-123	tikamgarh
nt-126	western michigan and north dakota
nt-127	ue lleida
nt-128	usain bolt
nt-129	2003
nt-131	week 11
nt-133	1
nt-134	n
nt-135	5000
nt-136	22
nt-137	libya
nt-138	italy
nt-139	july 28
nt-140	black reel awards
nt-141	18
nt-142	montreal wanderers
nt-143	clara jennifer chiong estrada
nt-144	11th
nt-145	29
nt-146	3
nt-147	3
nt-149	no. 774
nt-150	
nt-151	seville
nt-153	10
nt-154	pan troglodytes and nomascus leucogenys
nt-155	ter 2006
nt-156	2
nt-157	lake van
nt-161	6th
nt-162	2
nt-163	vokhid shodiev
nt-164	1077
nt-165	
nt-166	3:02.57
nt-167	bl26
nt-168	1995
nt-171	1
nt-172	27
nt-173	1991
nt-174	26
nt-175	sam snead
nt-176	1:20:00
nt-179	d7
nt-181	ethiopia
nt-182	7
nt-183	diamond
nt-184	december
nt-185	17
nt-186	1993 + 1999 + 2003 = 4
nt-187	tom kiley
nt-188	gunbird special edition / gunbird 1&2
nt-189	Nikao, Cook Islands
nt-190	james lee goddard, m.d.
nt-192	2
nt-193	6
nt-194	iron man 3
nt-196	1976
nt-197	frozen
nt-198	amc
nt-199	1
nt-200	30
nt-201	missoula and park
nt-202	sanuki
nt-203	nezir jaupaj
nt-204	5
nt-205	0
nt-207	harvard mark i – ibm ascc
nt-209	slow motion orchestra
nt-210	3
nt-211	quarter-final
nt-213	amplitan
nt-214	sweden democrats
nt-215	chicago
nt-216	you're gettin' to me again
nt-217	château de pouancé
nt-218	2nd
nt-220	myron greenberg
nt-221	dani sordo, marc marti
nt-222	united states lightship lv-72
nt-223	1998
nt-224	cornell university
nt-225	ciudad capital
nt-226	december 21
nt-228	39
nt-229	t.v. sivaraopantulu
nt-230	Dario Cologna ranked 1st, Johan Olsson ranked 2nd, and Daniel Richardsson ranked 3rd. Lukas Bauer ranked 5th.
nt-231	none
nt-232	3
nt-233	124
nt-234	guizhou olympic stadium
nt-235	wit georgia
nt-236	j gamble
nt-237	5
nt-238	no
nt-240	first canadian place
nt-242	row24
nt-243	2.8
nt-244	2
nt-245	natasha 'nat' wilson
nt-246	russia
nt-247	9 years
nt-249	7
nt-251	33
nt-252	1
nt-253	3
nt-254	dublin, rte studios
nt-256	1
nt-257	herogasm
nt-258	one
nt-259	"""Cheat on You"""
nt-261	episode ten
nt-263	25.5
nt-265	11th
nt-266	garcía, rodríguez
nt-268	28 february 2012
nt-269	leeds united
nt-271	1911
nt-272	mercedes-benz e320 bluetec
nt-273	al-21 and al-31
nt-274	10
nt-275	14
nt-276	There are no films directed by Sridhar after 1961.
nt-277	9
nt-278	2
nt-279	13
nt-280	30
nt-282	natasza urbańska
nt-285	jean-philippe ruggia
nt-286	operational
nt-287	1
nt-288	
nt-289	tampa bay buccaneers
nt-290	hispanic only
nt-291	three
nt-293	john mack
nt-294	14
nt-295	2
nt-296	world championships
nt-297	drama desk and tony
nt-298	8
nt-299	away
nt-301	115
nt-302	4
nt-303	9
nt-304	17
nt-306	less
nt-307	14
nt-309	shot put
nt-310	two
nt-311	1920
nt-313	ligia grozav
nt-314	one
nt-316	will.i.am
nt-317	february 2012 had more total votes
nt-318	17 weeks
nt-319	2
nt-321	none
nt-322	
nt-323	Kevin Grimes served as a defender for Virginia in 1988 and 1989.
nt-324	1968
nt-325	wayne gretzky
nt-326	65
nt-328	8
nt-329	katja saarinen
nt-331	chuck thompson
nt-334	increased
nt-335	bayern munich, borussia dortmund
nt-337	Carlton Wood
nt-338	9
nt-339	brian carney
nt-340	three
nt-341	3
nt-342	samantha smith
nt-343	asian championships
nt-345	sir john a. macdonald
nt-346	12
nt-347	0
nt-351	less
nt-352	perfect fifth, septendecimal tritone, septimal tritone, tridecimal tritone, 11th harmonic, (15:11) augmented fourth
nt-354	less
nt-356	2
nt-357	4
nt-358	pétur sigurgeirsson
nt-359	three
nt-360	2
nt-361	Runner-up
nt-362	nigeria lng
nt-363	silvia sperber
nt-365	thomas b. hart
nt-366	abc
nt-368	2006
nt-369	France
nt-370	1986
nt-371	22 october 1976
nt-372	august 7
nt-374	2
nt-375	that girl
nt-376	one
nt-377	three
nt-379	showdance
nt-381	Robson Green & Jerome Flynn
nt-382	boxing
nt-383	793
nt-384	motherwell
nt-385	no
nt-386	paula jean myers-pope
nt-387	timber
nt-388	1
nt-389	over cooked
nt-390	1880-1942
nt-391	i
nt-393	january
nt-394	7
nt-396	valencia cc and chipola
nt-398	row34 : Trafigura | 8,773
nt-399	providence college
nt-400	30
nt-401	4–6
nt-402	mobile phones
nt-404	no
nt-405	m 5
nt-406	2005
nt-407	
nt-408	2
nt-409	porsche
nt-410	AnimeExpo with 1750 attendance in its first held year.
nt-413	stanford
nt-415	orange county has a difference of 15,695 votes between Kerry and Bush.
nt-418	13
nt-419	cat amongst the pigeons
nt-420	say something
nt-422	good rain
nt-424	iceland
nt-425	3
nt-426	3
nt-427	
nt-429	rodriguez
nt-430	3
nt-431	2
nt-434	4
nt-435	liverpool
nt-436	2003
nt-437	nuova pallacanestro pavia, scafati basket, pallac. reggiana reggio emilia
nt-438	4
nt-440	22
nt-441	11
nt-442	10
nt-443	miyazaki maglev test track
nt-444	11
nt-445	1972
nt-446	13
nt-448	music and lyrics, dan in real life, i think i love my wife
nt-449	5
nt-451	davey richards
nt-452	3:40
nt-453	4
nt-454	11
nt-455	see you later (do svidaniya)
nt-456	arzew gl4z
nt-459	3
nt-460	40,000
nt-461	9356
nt-462	1976
nt-463	1066
nt-464	russia
nt-465	1
nt-466	waitakere united, waitakere city, fred taylor park, 2500
nt-467	huelva
nt-468	bolettes brudefaerd
nt-471	6
nt-472	none
nt-474	nigel mansell
nt-475	50 cent: bulletproof
nt-476	there are no mentioning of baltimore colts or playoff bowl era in the table.
nt-477	gordon dahlgren, ray johnson
nt-478	"rebecca ""becky"" marrero was missing for 28 years (december 3, 1982 - december 21, 2010)"
nt-479	2
nt-480	cylinder
nt-481	1
nt-482	21 february 2010
nt-483	3.5
nt-484	michel deuzet
nt-485	romney
nt-486	10097
nt-487	9727
nt-489	Henry Ellenbogen with 2.1%
nt-490	30
nt-492	3
nt-494	2
nt-495	son of niah
nt-496	usss lawrence (dd-8)
nt-497	14.512
nt-498	two
nt-499	According to the table, in Butler County, Obama got 5,316 votes and McCain got 11,805 votes. Therefore, McCain got more votes than Obama in Butler County.
nt-501	6
nt-502	27
nt-503	china
nt-504	19
nt-505	gkn aquatrack
nt-507	september 2007, february 6, 2009
nt-508	jones stadium
nt-509	ford focus rs wrc 07
nt-510	#2
nt-511	ufc 81
nt-513	4
nt-515	0
nt-519	lee young-sun
nt-520	34
nt-521	1
nt-522	august 15, 2009
nt-523	no
nt-525	June 1966 tornado outbreak sequence | June 8–9, 1966 | Kansas – Illinois | 57 | 18 fatalities | Outbreak sequence produced a series of tornadoes across the Great Plains states. An F5 devastated downtown Topeka, Kansas, killing 16 people and disproving myths about the city's being protected. A large F3 also hit Manhattan, Kansas.
nt-526	0
nt-527	akakios kakiasvilis
nt-528	loss to guto inocente and loss to lavar johnson
nt-529	4
nt-530	justin allgaier
nt-533	3
nt-536	5
nt-537	8
nt-538	redlegs
nt-539	3
nt-540	552
nt-541	9.341
nt-543	socialist group, rpr group, udf group
nt-544	2
nt-545	little caney
nt-546	5
nt-547	
nt-548	slalom
nt-549	2
nt-550	miley cyrus
nt-551	two
nt-552	2
nt-553	4 march 2008
nt-554	act premlis lithium ion capacitor
nt-555	2
nt-556	
nt-557	3
nt-558	77.50
nt-559	you & me
nt-561	1021
nt-562	hateley score 6 goals.
nt-563	week7
nt-564	1998
nt-565	0
nt-566	"1/10"""
nt-568	jaques faucher
nt-569	2
nt-570	17 years
nt-571	ögi nuur
nt-572	Rod Kerr (Morwell)
nt-573	fran meen
nt-575	gostaresh foolad
nt-576	maggie roswell
nt-577	11 years
nt-578	2008
nt-580	costa rica
nt-581	row44: 1,582
nt-583	double platinum
nt-584	
nt-585	david campbell mulford
nt-586	medline
nt-587	11
nt-588	mont blanc
nt-589	155
nt-590	b. 1966 | English | British model, pop musician | L
nt-591	12
nt-592	argentina
nt-594	meno
nt-595	grass
nt-596	5
nt-597	2
nt-598	3
nt-599	12
nt-600	2
nt-602	andy hines
nt-603	usa-1
nt-604	real unión
nt-605	conservative
nt-606	5
nt-607	6
nt-608	antil plains aerodrome
nt-609	6
nt-610	kitty wells' golden favorites
nt-611	71,496
nt-612	england
nt-613	2003
nt-616	there is no cosmos mission mentioned before cosmos 300 in the table.
nt-617	3 – 2
nt-618	
nt-619	2
nt-621	none
nt-622	7
nt-623	bbox bouygues telecom
nt-625	4:27
nt-626	durdevo
nt-627	windsor
nt-628	2
nt-629	4.1
nt-630	1
nt-631	
nt-632	2
nt-633	lau siu-leung
nt-636	200 mi (320 km)
nt-637	12
nt-639	ben mcdonald
nt-641	revengers tragedy
nt-642	mount mercy university and viterbo university
nt-643	
nt-644	1986, 1989
nt-646	spokane
